1	33	99.13	1	461	461	1	461	0.0	na	na
1	31	99.13	1	461	461	1	461	0.0	na	na
1	28	99.13	1	461	461	1	461	0.0	na	na
1	26	99.13	1	461	461	1	461	0.0	na	na
1	21	99.13	1	461	461	1	461	0.0	na	na
1	20	99.13	1	461	461	1	461	0.0	na	na
1	13	99.13	1	461	461	1	461	0.0	na	na
1	9	99.13	1	461	461	1	461	0.0	na	na
1	8	99.13	1	461	461	1	461	0.0	na	na
1	22	42.04	19	456	471	20	484	2e-125	na	na
1	16	42.04	19	456	471	20	484	2e-125	na	na
1	7	42.04	19	456	471	20	484	2e-125	na	na
1	6	42.04	19	456	471	20	484	2e-125	na	na
1	36	56.97	28	357	330	37	362	3e-122	na	na
1	36	48.28	393	450	58	561	618	2e-15	na	na
1	23	34.61	23	445	471	21	485	1e-99	na	na
1	10	34.02	11	450	482	3	484	2e-93	na	na
1	24	25.23	30	449	444	40	477	1e-53	na	na
1	18	81.52	235	326	92	49	140	2e-40	na	na
1	18	82.35	427	460	34	9	42	7e-12	na	na
1	17	81.52	235	326	92	49	140	2e-40	na	na
1	17	82.35	427	460	34	9	42	7e-12	na	na
1	29	22.03	39	325	295	57	345	6e-15	na	na
1	35	22.71	39	325	295	52	340	1e-14	na	na
1	19	22.71	39	325	295	52	340	1e-14	na	na
1	12	22.71	39	325	295	52	340	1e-14	na	na
1	5	22.71	39	325	295	52	340	1e-14	na	na
1	34	22.48	36	325	298	45	336	3e-14	na	na
1	30	22.48	36	325	298	45	336	3e-14	na	na
1	27	22.48	36	325	298	45	336	3e-14	na	na
1	32	20.50	12	314	317	17	322	4e-11	na	na
1	2	100.00	302	325	24	2	25	1e-09	na	na
1	25	19.93	28	292	276	63	332	4e-08	na	na
1	15	19.93	28	292	276	63	332	4e-08	na	na
1	14	19.93	28	292	276	63	332	4e-08	na	na
1	11	19.93	28	292	276	63	332	4e-08	na	na
1	4	19.93	28	292	276	63	332	4e-08	na	na
1	3	19.93	28	292	276	63	332	4e-08	na	na
2	1	100.00	2	25	24	302	325	6e-11	na	na
2	33	95.83	2	25	24	302	325	1e-10	na	na
2	31	95.83	2	25	24	302	325	1e-10	na	na
2	28	95.83	2	25	24	302	325	1e-10	na	na
2	26	95.83	2	25	24	302	325	1e-10	na	na
2	21	95.83	2	25	24	302	325	1e-10	na	na
2	20	95.83	2	25	24	302	325	1e-10	na	na
2	13	95.83	2	25	24	302	325	1e-10	na	na
2	9	95.83	2	25	24	302	325	1e-10	na	na
2	8	95.83	2	25	24	302	325	1e-10	na	na
2	36	70.83	2	25	24	310	333	1e-08	na	na
2	18	75.00	2	25	24	116	139	2e-07	na	na
2	17	75.00	2	25	24	116	139	2e-07	na	na
2	22	50.00	2	25	24	301	324	7e-06	na	na
2	16	50.00	2	25	24	301	324	7e-06	na	na
2	7	50.00	2	25	24	301	324	7e-06	na	na
2	6	50.00	2	25	24	301	324	7e-06	na	na
2	23	50.00	5	24	20	300	319	5e-04	na	na
3	25	100.00	1	461	461	1	461	0.0	na	na
3	15	100.00	1	461	461	1	461	0.0	na	na
3	14	100.00	1	461	461	1	461	0.0	na	na
3	11	100.00	1	461	461	1	461	0.0	na	na
3	4	100.00	1	461	461	1	461	0.0	na	na
3	29	38.86	72	451	404	54	448	5e-96	na	na
3	34	39.65	73	451	396	46	430	8e-95	na	na
3	30	39.65	73	451	396	46	430	8e-95	na	na
3	27	39.65	73	451	396	46	430	8e-95	na	na
3	35	38.27	72	451	405	49	443	9e-93	na	na
3	19	38.27	72	451	405	49	443	9e-93	na	na
3	12	38.27	72	451	405	49	443	9e-93	na	na
3	5	38.27	72	451	405	49	443	9e-93	na	na
3	32	34.97	74	451	429	47	468	1e-76	na	na
3	24	24.59	69	369	305	44	340	4e-20	na	na
3	23	22.30	45	318	287	10	273	4e-12	na	na
3	22	21.86	62	332	279	28	291	6e-09	na	na
3	16	21.86	62	332	279	28	291	6e-09	na	na
3	7	21.86	62	332	279	28	291	6e-09	na	na
3	6	21.86	62	332	279	28	291	6e-09	na	na
3	10	21.25	60	219	160	18	173	1e-08	na	na
3	36	22.30	56	334	287	30	302	3e-08	na	na
3	33	20.65	63	332	276	28	292	4e-08	na	na
3	31	20.65	63	332	276	28	292	4e-08	na	na
3	28	20.65	63	332	276	28	292	4e-08	na	na
3	26	20.65	63	332	276	28	292	4e-08	na	na
3	21	20.65	63	332	276	28	292	4e-08	na	na
3	20	20.65	63	332	276	28	292	4e-08	na	na
3	13	20.65	63	332	276	28	292	4e-08	na	na
3	9	20.65	63	332	276	28	292	4e-08	na	na
3	8	20.65	63	332	276	28	292	4e-08	na	na
3	1	19.93	63	332	276	28	292	4e-08	na	na
4	25	100.00	1	461	461	1	461	0.0	na	na
4	15	100.00	1	461	461	1	461	0.0	na	na
4	14	100.00	1	461	461	1	461	0.0	na	na
4	11	100.00	1	461	461	1	461	0.0	na	na
4	3	100.00	1	461	461	1	461	0.0	na	na
4	29	38.86	72	451	404	54	448	5e-96	na	na
4	34	39.65	73	451	396	46	430	8e-95	na	na
4	30	39.65	73	451	396	46	430	8e-95	na	na
4	27	39.65	73	451	396	46	430	8e-95	na	na
4	35	38.27	72	451	405	49	443	9e-93	na	na
4	19	38.27	72	451	405	49	443	9e-93	na	na
4	12	38.27	72	451	405	49	443	9e-93	na	na
4	5	38.27	72	451	405	49	443	9e-93	na	na
4	32	34.97	74	451	429	47	468	1e-76	na	na
4	24	24.59	69	369	305	44	340	4e-20	na	na
4	23	22.30	45	318	287	10	273	4e-12	na	na
4	22	21.86	62	332	279	28	291	6e-09	na	na
4	16	21.86	62	332	279	28	291	6e-09	na	na
4	7	21.86	62	332	279	28	291	6e-09	na	na
4	6	21.86	62	332	279	28	291	6e-09	na	na
4	10	21.25	60	219	160	18	173	1e-08	na	na
4	36	22.30	56	334	287	30	302	3e-08	na	na
4	33	20.65	63	332	276	28	292	4e-08	na	na
4	31	20.65	63	332	276	28	292	4e-08	na	na
4	28	20.65	63	332	276	28	292	4e-08	na	na
4	26	20.65	63	332	276	28	292	4e-08	na	na
4	21	20.65	63	332	276	28	292	4e-08	na	na
4	20	20.65	63	332	276	28	292	4e-08	na	na
4	13	20.65	63	332	276	28	292	4e-08	na	na
4	9	20.65	63	332	276	28	292	4e-08	na	na
4	8	20.65	63	332	276	28	292	4e-08	na	na
4	1	19.93	63	332	276	28	292	4e-08	na	na
5	35	100.00	1	457	457	1	457	0.0	na	na
5	19	100.00	1	457	457	1	457	0.0	na	na
5	12	100.00	1	457	457	1	457	0.0	na	na
5	34	85.14	7	457	451	4	444	0.0	na	na
5	30	85.14	7	457	451	4	444	0.0	na	na
5	27	85.14	7	457	451	4	444	0.0	na	na
5	29	81.54	9	457	455	14	462	0.0	na	na
5	32	38.22	42	446	437	41	471	2e-95	na	na
5	25	38.27	49	443	405	72	451	3e-95	na	na
5	15	38.27	49	443	405	72	451	3e-95	na	na
5	14	38.27	49	443	405	72	451	3e-95	na	na
5	11	38.27	49	443	405	72	451	3e-95	na	na
5	4	38.27	49	443	405	72	451	3e-95	na	na
5	3	38.27	49	443	405	72	451	3e-95	na	na
5	23	26.16	64	293	237	50	274	2e-15	na	na
5	22	21.77	50	410	395	40	418	3e-15	na	na
5	16	21.77	50	410	395	40	418	3e-15	na	na
5	7	21.77	50	410	395	40	418	3e-15	na	na
5	6	21.77	50	410	395	40	418	3e-15	na	na
5	24	23.10	64	344	290	62	339	6e-15	na	na
5	1	22.58	52	355	310	39	327	1e-14	na	na
5	33	22.37	52	340	295	39	325	3e-14	na	na
5	31	22.37	52	340	295	39	325	3e-14	na	na
5	28	22.37	52	340	295	39	325	3e-14	na	na
5	26	22.37	52	340	295	39	325	3e-14	na	na
5	21	22.37	52	340	295	39	325	3e-14	na	na
5	20	22.37	52	340	295	39	325	3e-14	na	na
5	13	22.37	52	340	295	39	325	3e-14	na	na
5	9	22.37	52	340	295	39	325	3e-14	na	na
5	8	22.37	52	340	295	39	325	3e-14	na	na
5	10	22.57	15	292	288	8	280	1e-13	na	na
5	36	25.00	50	291	268	46	281	2e-12	na	na
6	22	100.00	1	502	502	1	502	0.0	na	na
6	16	100.00	1	502	502	1	502	0.0	na	na
6	7	100.00	1	502	502	1	502	0.0	na	na
6	33	42.07	16	484	473	15	456	6e-135	na	na
6	31	42.07	16	484	473	15	456	6e-135	na	na
6	28	42.07	16	484	473	15	456	6e-135	na	na
6	26	42.07	16	484	473	15	456	6e-135	na	na
6	21	42.07	16	484	473	15	456	6e-135	na	na
6	20	42.07	16	484	473	15	456	6e-135	na	na
6	13	42.07	16	484	473	15	456	6e-135	na	na
6	9	42.07	16	484	473	15	456	6e-135	na	na
6	8	42.07	16	484	473	15	456	6e-135	na	na
6	1	42.28	16	484	473	15	456	2e-134	na	na
6	36	52.02	29	420	396	37	422	4e-123	na	na
6	36	41.41	367	481	128	501	621	2e-23	na	na
6	10	39.39	16	484	495	6	490	1e-113	na	na
6	23	36.15	4	491	509	2	501	2e-109	na	na
6	24	26.87	31	477	454	40	477	1e-59	na	na
6	18	41.96	214	325	112	29	140	3e-24	na	na
6	17	41.96	214	325	112	29	140	3e-24	na	na
6	32	21.38	42	316	290	48	330	3e-16	na	na
6	35	24.30	40	278	251	50	293	6e-15	na	na
6	19	24.30	40	278	251	50	293	6e-15	na	na
6	12	24.30	40	278	251	50	293	6e-15	na	na
6	5	24.30	40	278	251	50	293	6e-15	na	na
6	34	25.00	40	277	252	46	288	2e-14	na	na
6	30	25.00	40	277	252	46	288	2e-14	na	na
6	27	25.00	40	277	252	46	288	2e-14	na	na
6	29	24.51	40	278	253	55	298	7e-14	na	na
6	25	21.94	28	317	310	62	362	2e-10	na	na
6	15	21.94	28	317	310	62	362	2e-10	na	na
6	14	21.94	28	317	310	62	362	2e-10	na	na
6	11	21.94	28	317	310	62	362	2e-10	na	na
6	4	21.94	28	317	310	62	362	2e-10	na	na
6	3	21.94	28	317	310	62	362	2e-10	na	na
6	2	50.00	301	324	24	2	25	1e-04	na	na
7	22	100.00	1	502	502	1	502	0.0	na	na
7	16	100.00	1	502	502	1	502	0.0	na	na
7	6	100.00	1	502	502	1	502	0.0	na	na
7	33	42.07	16	484	473	15	456	6e-135	na	na
7	31	42.07	16	484	473	15	456	6e-135	na	na
7	28	42.07	16	484	473	15	456	6e-135	na	na
7	26	42.07	16	484	473	15	456	6e-135	na	na
7	21	42.07	16	484	473	15	456	6e-135	na	na
7	20	42.07	16	484	473	15	456	6e-135	na	na
7	13	42.07	16	484	473	15	456	6e-135	na	na
7	9	42.07	16	484	473	15	456	6e-135	na	na
7	8	42.07	16	484	473	15	456	6e-135	na	na
7	1	42.28	16	484	473	15	456	2e-134	na	na
7	36	52.02	29	420	396	37	422	4e-123	na	na
7	36	41.41	367	481	128	501	621	2e-23	na	na
7	10	39.39	16	484	495	6	490	1e-113	na	na
7	23	36.15	4	491	509	2	501	2e-109	na	na
7	24	26.87	31	477	454	40	477	1e-59	na	na
7	18	41.96	214	325	112	29	140	3e-24	na	na
7	17	41.96	214	325	112	29	140	3e-24	na	na
7	32	21.38	42	316	290	48	330	3e-16	na	na
7	35	24.30	40	278	251	50	293	6e-15	na	na
7	19	24.30	40	278	251	50	293	6e-15	na	na
7	12	24.30	40	278	251	50	293	6e-15	na	na
7	5	24.30	40	278	251	50	293	6e-15	na	na
7	34	25.00	40	277	252	46	288	2e-14	na	na
7	30	25.00	40	277	252	46	288	2e-14	na	na
7	27	25.00	40	277	252	46	288	2e-14	na	na
7	29	24.51	40	278	253	55	298	7e-14	na	na
7	25	21.94	28	317	310	62	362	2e-10	na	na
7	15	21.94	28	317	310	62	362	2e-10	na	na
7	14	21.94	28	317	310	62	362	2e-10	na	na
7	11	21.94	28	317	310	62	362	2e-10	na	na
7	4	21.94	28	317	310	62	362	2e-10	na	na
7	3	21.94	28	317	310	62	362	2e-10	na	na
7	2	50.00	301	324	24	2	25	1e-04	na	na
8	33	100.00	1	461	461	1	461	0.0	na	na
8	31	100.00	1	461	461	1	461	0.0	na	na
8	28	100.00	1	461	461	1	461	0.0	na	na
8	26	100.00	1	461	461	1	461	0.0	na	na
8	21	100.00	1	461	461	1	461	0.0	na	na
8	20	100.00	1	461	461	1	461	0.0	na	na
8	13	100.00	1	461	461	1	461	0.0	na	na
8	9	100.00	1	461	461	1	461	0.0	na	na
8	1	99.13	1	461	461	1	461	0.0	na	na
8	22	41.83	19	456	471	20	484	6e-126	na	na
8	16	41.83	19	456	471	20	484	6e-126	na	na
8	7	41.83	19	456	471	20	484	6e-126	na	na
8	6	41.83	19	456	471	20	484	6e-126	na	na
8	36	56.67	28	357	330	37	362	8e-123	na	na
8	36	48.28	393	450	58	561	618	2e-15	na	na
8	23	35.03	23	445	471	21	485	1e-101	na	na
8	10	34.02	11	450	482	3	484	7e-94	na	na
8	24	25.23	30	449	444	40	477	1e-54	na	na
8	18	79.35	235	326	92	49	140	1e-38	na	na
8	18	82.35	427	460	34	9	42	6e-12	na	na
8	17	79.35	235	326	92	49	140	1e-38	na	na
8	17	82.35	427	460	34	9	42	6e-12	na	na
8	29	21.62	38	325	296	56	345	2e-14	na	na
8	35	22.37	39	325	295	52	340	3e-14	na	na
8	19	22.37	39	325	295	52	340	3e-14	na	na
8	12	22.37	39	325	295	52	340	3e-14	na	na
8	5	22.37	39	325	295	52	340	3e-14	na	na
8	34	22.33	25	325	309	35	336	5e-14	na	na
8	30	22.33	25	325	309	35	336	5e-14	na	na
8	27	22.33	25	325	309	35	336	5e-14	na	na
8	32	20.50	12	314	317	17	322	4e-11	na	na
8	2	95.83	302	325	24	2	25	2e-09	na	na
8	25	20.65	28	292	276	63	332	4e-08	na	na
8	15	20.65	28	292	276	63	332	4e-08	na	na
8	14	20.65	28	292	276	63	332	4e-08	na	na
8	11	20.65	28	292	276	63	332	4e-08	na	na
8	4	20.65	28	292	276	63	332	4e-08	na	na
8	3	20.65	28	292	276	63	332	4e-08	na	na
9	33	100.00	1	461	461	1	461	0.0	na	na
9	31	100.00	1	461	461	1	461	0.0	na	na
9	28	100.00	1	461	461	1	461	0.0	na	na
9	26	100.00	1	461	461	1	461	0.0	na	na
9	21	100.00	1	461	461	1	461	0.0	na	na
9	20	100.00	1	461	461	1	461	0.0	na	na
9	13	100.00	1	461	461	1	461	0.0	na	na
9	8	100.00	1	461	461	1	461	0.0	na	na
9	1	99.13	1	461	461	1	461	0.0	na	na
9	22	41.83	19	456	471	20	484	6e-126	na	na
9	16	41.83	19	456	471	20	484	6e-126	na	na
9	7	41.83	19	456	471	20	484	6e-126	na	na
9	6	41.83	19	456	471	20	484	6e-126	na	na
9	36	56.67	28	357	330	37	362	8e-123	na	na
9	36	48.28	393	450	58	561	618	2e-15	na	na
9	23	35.03	23	445	471	21	485	1e-101	na	na
9	10	34.02	11	450	482	3	484	7e-94	na	na
9	24	25.23	30	449	444	40	477	1e-54	na	na
9	18	79.35	235	326	92	49	140	1e-38	na	na
9	18	82.35	427	460	34	9	42	6e-12	na	na
9	17	79.35	235	326	92	49	140	1e-38	na	na
9	17	82.35	427	460	34	9	42	6e-12	na	na
9	29	21.62	38	325	296	56	345	2e-14	na	na
9	35	22.37	39	325	295	52	340	3e-14	na	na
9	19	22.37	39	325	295	52	340	3e-14	na	na
9	12	22.37	39	325	295	52	340	3e-14	na	na
9	5	22.37	39	325	295	52	340	3e-14	na	na
9	34	22.33	25	325	309	35	336	5e-14	na	na
9	30	22.33	25	325	309	35	336	5e-14	na	na
9	27	22.33	25	325	309	35	336	5e-14	na	na
9	32	20.50	12	314	317	17	322	4e-11	na	na
9	2	95.83	302	325	24	2	25	2e-09	na	na
9	25	20.65	28	292	276	63	332	4e-08	na	na
9	15	20.65	28	292	276	63	332	4e-08	na	na
9	14	20.65	28	292	276	63	332	4e-08	na	na
9	11	20.65	28	292	276	63	332	4e-08	na	na
9	4	20.65	28	292	276	63	332	4e-08	na	na
9	3	20.65	28	292	276	63	332	4e-08	na	na
10	22	39.43	15	491	487	23	485	7e-108	na	na
10	16	39.43	15	491	487	23	485	7e-108	na	na
10	7	39.43	15	491	487	23	485	7e-108	na	na
10	6	39.43	15	491	487	23	485	7e-108	na	na
10	33	34.02	3	484	482	11	450	7e-94	na	na
10	31	34.02	3	484	482	11	450	7e-94	na	na
10	28	34.02	3	484	482	11	450	7e-94	na	na
10	26	34.02	3	484	482	11	450	7e-94	na	na
10	21	34.02	3	484	482	11	450	7e-94	na	na
10	20	34.02	3	484	482	11	450	7e-94	na	na
10	13	34.02	3	484	482	11	450	7e-94	na	na
10	9	34.02	3	484	482	11	450	7e-94	na	na
10	8	34.02	3	484	482	11	450	7e-94	na	na
10	1	34.02	3	484	482	11	450	3e-93	na	na
10	36	42.86	13	353	343	30	359	4e-84	na	na
10	36	28.33	426	485	60	560	619	4e-06	na	na
10	23	29.84	13	495	496	17	493	3e-71	na	na
10	24	25.36	23	361	343	40	369	1e-39	na	na
10	18	46.48	236	306	71	49	118	4e-14	na	na
10	17	46.48	236	306	71	49	118	4e-14	na	na
10	35	22.57	8	280	288	15	292	1e-13	na	na
10	19	22.57	8	280	288	15	292	1e-13	na	na
10	12	22.57	8	280	288	15	292	1e-13	na	na
10	5	22.57	8	280	288	15	292	1e-13	na	na
10	29	24.62	24	280	264	46	297	3e-13	na	na
10	34	24.53	24	280	265	37	288	9e-13	na	na
10	30	24.53	24	280	265	37	288	9e-13	na	na
10	27	24.53	24	280	265	37	288	9e-13	na	na
10	32	19.79	5	370	379	18	356	3e-11	na	na
10	25	21.25	18	173	160	60	219	1e-08	na	na
10	15	21.25	18	173	160	60	219	1e-08	na	na
10	14	21.25	18	173	160	60	219	1e-08	na	na
10	11	21.25	18	173	160	60	219	1e-08	na	na
10	4	21.25	18	173	160	60	219	1e-08	na	na
10	3	21.25	18	173	160	60	219	1e-08	na	na
11	25	100.00	1	461	461	1	461	0.0	na	na
11	15	100.00	1	461	461	1	461	0.0	na	na
11	14	100.00	1	461	461	1	461	0.0	na	na
11	4	100.00	1	461	461	1	461	0.0	na	na
11	3	100.00	1	461	461	1	461	0.0	na	na
11	29	38.86	72	451	404	54	448	5e-96	na	na
11	34	39.65	73	451	396	46	430	8e-95	na	na
11	30	39.65	73	451	396	46	430	8e-95	na	na
11	27	39.65	73	451	396	46	430	8e-95	na	na
11	35	38.27	72	451	405	49	443	9e-93	na	na
11	19	38.27	72	451	405	49	443	9e-93	na	na
11	12	38.27	72	451	405	49	443	9e-93	na	na
11	5	38.27	72	451	405	49	443	9e-93	na	na
11	32	34.97	74	451	429	47	468	1e-76	na	na
11	24	24.59	69	369	305	44	340	4e-20	na	na
11	23	22.30	45	318	287	10	273	4e-12	na	na
11	22	21.86	62	332	279	28	291	6e-09	na	na
11	16	21.86	62	332	279	28	291	6e-09	na	na
11	7	21.86	62	332	279	28	291	6e-09	na	na
11	6	21.86	62	332	279	28	291	6e-09	na	na
11	10	21.25	60	219	160	18	173	1e-08	na	na
11	36	22.30	56	334	287	30	302	3e-08	na	na
11	33	20.65	63	332	276	28	292	4e-08	na	na
11	31	20.65	63	332	276	28	292	4e-08	na	na
11	28	20.65	63	332	276	28	292	4e-08	na	na
11	26	20.65	63	332	276	28	292	4e-08	na	na
11	21	20.65	63	332	276	28	292	4e-08	na	na
11	20	20.65	63	332	276	28	292	4e-08	na	na
11	13	20.65	63	332	276	28	292	4e-08	na	na
11	9	20.65	63	332	276	28	292	4e-08	na	na
11	8	20.65	63	332	276	28	292	4e-08	na	na
11	1	19.93	63	332	276	28	292	4e-08	na	na
12	35	100.00	1	457	457	1	457	0.0	na	na
12	19	100.00	1	457	457	1	457	0.0	na	na
12	5	100.00	1	457	457	1	457	0.0	na	na
12	34	85.14	7	457	451	4	444	0.0	na	na
12	30	85.14	7	457	451	4	444	0.0	na	na
12	27	85.14	7	457	451	4	444	0.0	na	na
12	29	81.54	9	457	455	14	462	0.0	na	na
12	32	38.22	42	446	437	41	471	2e-95	na	na
12	25	38.27	49	443	405	72	451	3e-95	na	na
12	15	38.27	49	443	405	72	451	3e-95	na	na
12	14	38.27	49	443	405	72	451	3e-95	na	na
12	11	38.27	49	443	405	72	451	3e-95	na	na
12	4	38.27	49	443	405	72	451	3e-95	na	na
12	3	38.27	49	443	405	72	451	3e-95	na	na
12	23	26.16	64	293	237	50	274	2e-15	na	na
12	22	21.77	50	410	395	40	418	3e-15	na	na
12	16	21.77	50	410	395	40	418	3e-15	na	na
12	7	21.77	50	410	395	40	418	3e-15	na	na
12	6	21.77	50	410	395	40	418	3e-15	na	na
12	24	23.10	64	344	290	62	339	6e-15	na	na
12	1	22.58	52	355	310	39	327	1e-14	na	na
12	33	22.37	52	340	295	39	325	3e-14	na	na
12	31	22.37	52	340	295	39	325	3e-14	na	na
12	28	22.37	52	340	295	39	325	3e-14	na	na
12	26	22.37	52	340	295	39	325	3e-14	na	na
12	21	22.37	52	340	295	39	325	3e-14	na	na
12	20	22.37	52	340	295	39	325	3e-14	na	na
12	13	22.37	52	340	295	39	325	3e-14	na	na
12	9	22.37	52	340	295	39	325	3e-14	na	na
12	8	22.37	52	340	295	39	325	3e-14	na	na
12	10	22.57	15	292	288	8	280	1e-13	na	na
12	36	25.00	50	291	268	46	281	2e-12	na	na
13	33	100.00	1	461	461	1	461	0.0	na	na
13	31	100.00	1	461	461	1	461	0.0	na	na
13	28	100.00	1	461	461	1	461	0.0	na	na
13	26	100.00	1	461	461	1	461	0.0	na	na
13	21	100.00	1	461	461	1	461	0.0	na	na
13	20	100.00	1	461	461	1	461	0.0	na	na
13	9	100.00	1	461	461	1	461	0.0	na	na
13	8	100.00	1	461	461	1	461	0.0	na	na
13	1	99.13	1	461	461	1	461	0.0	na	na
13	22	41.83	19	456	471	20	484	6e-126	na	na
13	16	41.83	19	456	471	20	484	6e-126	na	na
13	7	41.83	19	456	471	20	484	6e-126	na	na
13	6	41.83	19	456	471	20	484	6e-126	na	na
13	36	56.67	28	357	330	37	362	8e-123	na	na
13	36	48.28	393	450	58	561	618	2e-15	na	na
13	23	35.03	23	445	471	21	485	1e-101	na	na
13	10	34.02	11	450	482	3	484	7e-94	na	na
13	24	25.23	30	449	444	40	477	1e-54	na	na
13	18	79.35	235	326	92	49	140	1e-38	na	na
13	18	82.35	427	460	34	9	42	6e-12	na	na
13	17	79.35	235	326	92	49	140	1e-38	na	na
13	17	82.35	427	460	34	9	42	6e-12	na	na
13	29	21.62	38	325	296	56	345	2e-14	na	na
13	35	22.37	39	325	295	52	340	3e-14	na	na
13	19	22.37	39	325	295	52	340	3e-14	na	na
13	12	22.37	39	325	295	52	340	3e-14	na	na
13	5	22.37	39	325	295	52	340	3e-14	na	na
13	34	22.33	25	325	309	35	336	5e-14	na	na
13	30	22.33	25	325	309	35	336	5e-14	na	na
13	27	22.33	25	325	309	35	336	5e-14	na	na
13	32	20.50	12	314	317	17	322	4e-11	na	na
13	2	95.83	302	325	24	2	25	2e-09	na	na
13	25	20.65	28	292	276	63	332	4e-08	na	na
13	15	20.65	28	292	276	63	332	4e-08	na	na
13	14	20.65	28	292	276	63	332	4e-08	na	na
13	11	20.65	28	292	276	63	332	4e-08	na	na
13	4	20.65	28	292	276	63	332	4e-08	na	na
13	3	20.65	28	292	276	63	332	4e-08	na	na
14	25	100.00	1	461	461	1	461	0.0	na	na
14	15	100.00	1	461	461	1	461	0.0	na	na
14	11	100.00	1	461	461	1	461	0.0	na	na
14	4	100.00	1	461	461	1	461	0.0	na	na
14	3	100.00	1	461	461	1	461	0.0	na	na
14	29	38.86	72	451	404	54	448	5e-96	na	na
14	34	39.65	73	451	396	46	430	8e-95	na	na
14	30	39.65	73	451	396	46	430	8e-95	na	na
14	27	39.65	73	451	396	46	430	8e-95	na	na
14	35	38.27	72	451	405	49	443	9e-93	na	na
14	19	38.27	72	451	405	49	443	9e-93	na	na
14	12	38.27	72	451	405	49	443	9e-93	na	na
14	5	38.27	72	451	405	49	443	9e-93	na	na
14	32	34.97	74	451	429	47	468	1e-76	na	na
14	24	24.59	69	369	305	44	340	4e-20	na	na
14	23	22.30	45	318	287	10	273	4e-12	na	na
14	22	21.86	62	332	279	28	291	6e-09	na	na
14	16	21.86	62	332	279	28	291	6e-09	na	na
14	7	21.86	62	332	279	28	291	6e-09	na	na
14	6	21.86	62	332	279	28	291	6e-09	na	na
14	10	21.25	60	219	160	18	173	1e-08	na	na
14	36	22.30	56	334	287	30	302	3e-08	na	na
14	33	20.65	63	332	276	28	292	4e-08	na	na
14	31	20.65	63	332	276	28	292	4e-08	na	na
14	28	20.65	63	332	276	28	292	4e-08	na	na
14	26	20.65	63	332	276	28	292	4e-08	na	na
14	21	20.65	63	332	276	28	292	4e-08	na	na
14	20	20.65	63	332	276	28	292	4e-08	na	na
14	13	20.65	63	332	276	28	292	4e-08	na	na
14	9	20.65	63	332	276	28	292	4e-08	na	na
14	8	20.65	63	332	276	28	292	4e-08	na	na
14	1	19.93	63	332	276	28	292	4e-08	na	na
15	25	100.00	1	461	461	1	461	0.0	na	na
15	14	100.00	1	461	461	1	461	0.0	na	na
15	11	100.00	1	461	461	1	461	0.0	na	na
15	4	100.00	1	461	461	1	461	0.0	na	na
15	3	100.00	1	461	461	1	461	0.0	na	na
15	29	38.86	72	451	404	54	448	5e-96	na	na
15	34	39.65	73	451	396	46	430	8e-95	na	na
15	30	39.65	73	451	396	46	430	8e-95	na	na
15	27	39.65	73	451	396	46	430	8e-95	na	na
15	35	38.27	72	451	405	49	443	9e-93	na	na
15	19	38.27	72	451	405	49	443	9e-93	na	na
15	12	38.27	72	451	405	49	443	9e-93	na	na
15	5	38.27	72	451	405	49	443	9e-93	na	na
15	32	34.97	74	451	429	47	468	1e-76	na	na
15	24	24.59	69	369	305	44	340	4e-20	na	na
15	23	22.30	45	318	287	10	273	4e-12	na	na
15	22	21.86	62	332	279	28	291	6e-09	na	na
15	16	21.86	62	332	279	28	291	6e-09	na	na
15	7	21.86	62	332	279	28	291	6e-09	na	na
15	6	21.86	62	332	279	28	291	6e-09	na	na
15	10	21.25	60	219	160	18	173	1e-08	na	na
15	36	22.30	56	334	287	30	302	3e-08	na	na
15	33	20.65	63	332	276	28	292	4e-08	na	na
15	31	20.65	63	332	276	28	292	4e-08	na	na
15	28	20.65	63	332	276	28	292	4e-08	na	na
15	26	20.65	63	332	276	28	292	4e-08	na	na
15	21	20.65	63	332	276	28	292	4e-08	na	na
15	20	20.65	63	332	276	28	292	4e-08	na	na
15	13	20.65	63	332	276	28	292	4e-08	na	na
15	9	20.65	63	332	276	28	292	4e-08	na	na
15	8	20.65	63	332	276	28	292	4e-08	na	na
15	1	19.93	63	332	276	28	292	4e-08	na	na
16	22	100.00	1	502	502	1	502	0.0	na	na
16	7	100.00	1	502	502	1	502	0.0	na	na
16	6	100.00	1	502	502	1	502	0.0	na	na
16	33	42.07	16	484	473	15	456	6e-135	na	na
16	31	42.07	16	484	473	15	456	6e-135	na	na
16	28	42.07	16	484	473	15	456	6e-135	na	na
16	26	42.07	16	484	473	15	456	6e-135	na	na
16	21	42.07	16	484	473	15	456	6e-135	na	na
16	20	42.07	16	484	473	15	456	6e-135	na	na
16	13	42.07	16	484	473	15	456	6e-135	na	na
16	9	42.07	16	484	473	15	456	6e-135	na	na
16	8	42.07	16	484	473	15	456	6e-135	na	na
16	1	42.28	16	484	473	15	456	2e-134	na	na
16	36	52.02	29	420	396	37	422	4e-123	na	na
16	36	41.41	367	481	128	501	621	2e-23	na	na
16	10	39.39	16	484	495	6	490	1e-113	na	na
16	23	36.15	4	491	509	2	501	2e-109	na	na
16	24	26.87	31	477	454	40	477	1e-59	na	na
16	18	41.96	214	325	112	29	140	3e-24	na	na
16	17	41.96	214	325	112	29	140	3e-24	na	na
16	32	21.38	42	316	290	48	330	3e-16	na	na
16	35	24.30	40	278	251	50	293	6e-15	na	na
16	19	24.30	40	278	251	50	293	6e-15	na	na
16	12	24.30	40	278	251	50	293	6e-15	na	na
16	5	24.30	40	278	251	50	293	6e-15	na	na
16	34	25.00	40	277	252	46	288	2e-14	na	na
16	30	25.00	40	277	252	46	288	2e-14	na	na
16	27	25.00	40	277	252	46	288	2e-14	na	na
16	29	24.51	40	278	253	55	298	7e-14	na	na
16	25	21.94	28	317	310	62	362	2e-10	na	na
16	15	21.94	28	317	310	62	362	2e-10	na	na
16	14	21.94	28	317	310	62	362	2e-10	na	na
16	11	21.94	28	317	310	62	362	2e-10	na	na
16	4	21.94	28	317	310	62	362	2e-10	na	na
16	3	21.94	28	317	310	62	362	2e-10	na	na
16	2	50.00	301	324	24	2	25	1e-04	na	na
17	18	100.00	1	140	140	1	140	1e-100	na	na
17	1	81.52	49	140	92	235	326	3e-41	na	na
17	1	71.43	2	43	42	420	461	2e-13	na	na
17	33	79.35	49	140	92	235	326	9e-40	na	na
17	33	71.43	2	43	42	420	461	2e-13	na	na
17	31	79.35	49	140	92	235	326	9e-40	na	na
17	31	71.43	2	43	42	420	461	2e-13	na	na
17	28	79.35	49	140	92	235	326	9e-40	na	na
17	28	71.43	2	43	42	420	461	2e-13	na	na
17	26	79.35	49	140	92	235	326	9e-40	na	na
17	26	71.43	2	43	42	420	461	2e-13	na	na
17	21	79.35	49	140	92	235	326	9e-40	na	na
17	21	71.43	2	43	42	420	461	2e-13	na	na
17	20	79.35	49	140	92	235	326	9e-40	na	na
17	20	71.43	2	43	42	420	461	2e-13	na	na
17	13	79.35	49	140	92	235	326	9e-40	na	na
17	13	71.43	2	43	42	420	461	2e-13	na	na
17	9	79.35	49	140	92	235	326	9e-40	na	na
17	9	71.43	2	43	42	420	461	2e-13	na	na
17	8	79.35	49	140	92	235	326	9e-40	na	na
17	8	71.43	2	43	42	420	461	2e-13	na	na
17	36	57.61	49	140	92	243	334	1e-25	na	na
17	22	50.00	49	140	92	234	325	7e-23	na	na
17	16	50.00	49	140	92	234	325	7e-23	na	na
17	7	50.00	49	140	92	234	325	7e-23	na	na
17	6	50.00	49	140	92	234	325	7e-23	na	na
17	23	42.70	50	138	89	231	319	6e-18	na	na
17	10	46.48	49	118	71	236	306	1e-15	na	na
17	2	75.00	116	139	24	2	25	9e-07	na	na
17	24	25.27	49	139	91	246	335	2e-05	na	na
18	17	100.00	1	140	140	1	140	1e-100	na	na
18	1	81.52	49	140	92	235	326	3e-41	na	na
18	1	71.43	2	43	42	420	461	2e-13	na	na
18	33	79.35	49	140	92	235	326	9e-40	na	na
18	33	71.43	2	43	42	420	461	2e-13	na	na
18	31	79.35	49	140	92	235	326	9e-40	na	na
18	31	71.43	2	43	42	420	461	2e-13	na	na
18	28	79.35	49	140	92	235	326	9e-40	na	na
18	28	71.43	2	43	42	420	461	2e-13	na	na
18	26	79.35	49	140	92	235	326	9e-40	na	na
18	26	71.43	2	43	42	420	461	2e-13	na	na
18	21	79.35	49	140	92	235	326	9e-40	na	na
18	21	71.43	2	43	42	420	461	2e-13	na	na
18	20	79.35	49	140	92	235	326	9e-40	na	na
18	20	71.43	2	43	42	420	461	2e-13	na	na
18	13	79.35	49	140	92	235	326	9e-40	na	na
18	13	71.43	2	43	42	420	461	2e-13	na	na
18	9	79.35	49	140	92	235	326	9e-40	na	na
18	9	71.43	2	43	42	420	461	2e-13	na	na
18	8	79.35	49	140	92	235	326	9e-40	na	na
18	8	71.43	2	43	42	420	461	2e-13	na	na
18	36	57.61	49	140	92	243	334	1e-25	na	na
18	22	50.00	49	140	92	234	325	7e-23	na	na
18	16	50.00	49	140	92	234	325	7e-23	na	na
18	7	50.00	49	140	92	234	325	7e-23	na	na
18	6	50.00	49	140	92	234	325	7e-23	na	na
18	23	42.70	50	138	89	231	319	6e-18	na	na
18	10	46.48	49	118	71	236	306	1e-15	na	na
18	2	75.00	116	139	24	2	25	9e-07	na	na
18	24	25.27	49	139	91	246	335	2e-05	na	na
19	35	100.00	1	457	457	1	457	0.0	na	na
19	12	100.00	1	457	457	1	457	0.0	na	na
19	5	100.00	1	457	457	1	457	0.0	na	na
19	34	85.14	7	457	451	4	444	0.0	na	na
19	30	85.14	7	457	451	4	444	0.0	na	na
19	27	85.14	7	457	451	4	444	0.0	na	na
19	29	81.54	9	457	455	14	462	0.0	na	na
19	32	38.22	42	446	437	41	471	2e-95	na	na
19	25	38.27	49	443	405	72	451	3e-95	na	na
19	15	38.27	49	443	405	72	451	3e-95	na	na
19	14	38.27	49	443	405	72	451	3e-95	na	na
19	11	38.27	49	443	405	72	451	3e-95	na	na
19	4	38.27	49	443	405	72	451	3e-95	na	na
19	3	38.27	49	443	405	72	451	3e-95	na	na
19	23	26.16	64	293	237	50	274	2e-15	na	na
19	22	21.77	50	410	395	40	418	3e-15	na	na
19	16	21.77	50	410	395	40	418	3e-15	na	na
19	7	21.77	50	410	395	40	418	3e-15	na	na
19	6	21.77	50	410	395	40	418	3e-15	na	na
19	24	23.10	64	344	290	62	339	6e-15	na	na
19	1	22.58	52	355	310	39	327	1e-14	na	na
19	33	22.37	52	340	295	39	325	3e-14	na	na
19	31	22.37	52	340	295	39	325	3e-14	na	na
19	28	22.37	52	340	295	39	325	3e-14	na	na
19	26	22.37	52	340	295	39	325	3e-14	na	na
19	21	22.37	52	340	295	39	325	3e-14	na	na
19	20	22.37	52	340	295	39	325	3e-14	na	na
19	13	22.37	52	340	295	39	325	3e-14	na	na
19	9	22.37	52	340	295	39	325	3e-14	na	na
19	8	22.37	52	340	295	39	325	3e-14	na	na
19	10	22.57	15	292	288	8	280	1e-13	na	na
19	36	25.00	50	291	268	46	281	2e-12	na	na
20	33	100.00	1	461	461	1	461	0.0	na	na
20	31	100.00	1	461	461	1	461	0.0	na	na
20	28	100.00	1	461	461	1	461	0.0	na	na
20	26	100.00	1	461	461	1	461	0.0	na	na
20	21	100.00	1	461	461	1	461	0.0	na	na
20	13	100.00	1	461	461	1	461	0.0	na	na
20	9	100.00	1	461	461	1	461	0.0	na	na
20	8	100.00	1	461	461	1	461	0.0	na	na
20	1	99.13	1	461	461	1	461	0.0	na	na
20	22	41.83	19	456	471	20	484	6e-126	na	na
20	16	41.83	19	456	471	20	484	6e-126	na	na
20	7	41.83	19	456	471	20	484	6e-126	na	na
20	6	41.83	19	456	471	20	484	6e-126	na	na
20	36	56.67	28	357	330	37	362	8e-123	na	na
20	36	48.28	393	450	58	561	618	2e-15	na	na
20	23	35.03	23	445	471	21	485	1e-101	na	na
20	10	34.02	11	450	482	3	484	7e-94	na	na
20	24	25.23	30	449	444	40	477	1e-54	na	na
20	18	79.35	235	326	92	49	140	1e-38	na	na
20	18	82.35	427	460	34	9	42	6e-12	na	na
20	17	79.35	235	326	92	49	140	1e-38	na	na
20	17	82.35	427	460	34	9	42	6e-12	na	na
20	29	21.62	38	325	296	56	345	2e-14	na	na
20	35	22.37	39	325	295	52	340	3e-14	na	na
20	19	22.37	39	325	295	52	340	3e-14	na	na
20	12	22.37	39	325	295	52	340	3e-14	na	na
20	5	22.37	39	325	295	52	340	3e-14	na	na
20	34	22.33	25	325	309	35	336	5e-14	na	na
20	30	22.33	25	325	309	35	336	5e-14	na	na
20	27	22.33	25	325	309	35	336	5e-14	na	na
20	32	20.50	12	314	317	17	322	4e-11	na	na
20	2	95.83	302	325	24	2	25	2e-09	na	na
20	25	20.65	28	292	276	63	332	4e-08	na	na
20	15	20.65	28	292	276	63	332	4e-08	na	na
20	14	20.65	28	292	276	63	332	4e-08	na	na
20	11	20.65	28	292	276	63	332	4e-08	na	na
20	4	20.65	28	292	276	63	332	4e-08	na	na
20	3	20.65	28	292	276	63	332	4e-08	na	na
21	33	100.00	1	461	461	1	461	0.0	na	na
21	31	100.00	1	461	461	1	461	0.0	na	na
21	28	100.00	1	461	461	1	461	0.0	na	na
21	26	100.00	1	461	461	1	461	0.0	na	na
21	20	100.00	1	461	461	1	461	0.0	na	na
21	13	100.00	1	461	461	1	461	0.0	na	na
21	9	100.00	1	461	461	1	461	0.0	na	na
21	8	100.00	1	461	461	1	461	0.0	na	na
21	1	99.13	1	461	461	1	461	0.0	na	na
21	22	41.83	19	456	471	20	484	6e-126	na	na
21	16	41.83	19	456	471	20	484	6e-126	na	na
21	7	41.83	19	456	471	20	484	6e-126	na	na
21	6	41.83	19	456	471	20	484	6e-126	na	na
21	36	56.67	28	357	330	37	362	8e-123	na	na
21	36	48.28	393	450	58	561	618	2e-15	na	na
21	23	35.03	23	445	471	21	485	1e-101	na	na
21	10	34.02	11	450	482	3	484	7e-94	na	na
21	24	25.23	30	449	444	40	477	1e-54	na	na
21	18	79.35	235	326	92	49	140	1e-38	na	na
21	18	82.35	427	460	34	9	42	6e-12	na	na
21	17	79.35	235	326	92	49	140	1e-38	na	na
21	17	82.35	427	460	34	9	42	6e-12	na	na
21	29	21.62	38	325	296	56	345	2e-14	na	na
21	35	22.37	39	325	295	52	340	3e-14	na	na
21	19	22.37	39	325	295	52	340	3e-14	na	na
21	12	22.37	39	325	295	52	340	3e-14	na	na
21	5	22.37	39	325	295	52	340	3e-14	na	na
21	34	22.33	25	325	309	35	336	5e-14	na	na
21	30	22.33	25	325	309	35	336	5e-14	na	na
21	27	22.33	25	325	309	35	336	5e-14	na	na
21	32	20.50	12	314	317	17	322	4e-11	na	na
21	2	95.83	302	325	24	2	25	2e-09	na	na
21	25	20.65	28	292	276	63	332	4e-08	na	na
21	15	20.65	28	292	276	63	332	4e-08	na	na
21	14	20.65	28	292	276	63	332	4e-08	na	na
21	11	20.65	28	292	276	63	332	4e-08	na	na
21	4	20.65	28	292	276	63	332	4e-08	na	na
21	3	20.65	28	292	276	63	332	4e-08	na	na
22	16	100.00	1	502	502	1	502	0.0	na	na
22	7	100.00	1	502	502	1	502	0.0	na	na
22	6	100.00	1	502	502	1	502	0.0	na	na
22	33	42.07	16	484	473	15	456	6e-135	na	na
22	31	42.07	16	484	473	15	456	6e-135	na	na
22	28	42.07	16	484	473	15	456	6e-135	na	na
22	26	42.07	16	484	473	15	456	6e-135	na	na
22	21	42.07	16	484	473	15	456	6e-135	na	na
22	20	42.07	16	484	473	15	456	6e-135	na	na
22	13	42.07	16	484	473	15	456	6e-135	na	na
22	9	42.07	16	484	473	15	456	6e-135	na	na
22	8	42.07	16	484	473	15	456	6e-135	na	na
22	1	42.28	16	484	473	15	456	2e-134	na	na
22	36	52.02	29	420	396	37	422	4e-123	na	na
22	36	41.41	367	481	128	501	621	2e-23	na	na
22	10	39.39	16	484	495	6	490	1e-113	na	na
22	23	36.15	4	491	509	2	501	2e-109	na	na
22	24	26.87	31	477	454	40	477	1e-59	na	na
22	18	41.96	214	325	112	29	140	3e-24	na	na
22	17	41.96	214	325	112	29	140	3e-24	na	na
22	32	21.38	42	316	290	48	330	3e-16	na	na
22	35	24.30	40	278	251	50	293	6e-15	na	na
22	19	24.30	40	278	251	50	293	6e-15	na	na
22	12	24.30	40	278	251	50	293	6e-15	na	na
22	5	24.30	40	278	251	50	293	6e-15	na	na
22	34	25.00	40	277	252	46	288	2e-14	na	na
22	30	25.00	40	277	252	46	288	2e-14	na	na
22	27	25.00	40	277	252	46	288	2e-14	na	na
22	29	24.51	40	278	253	55	298	7e-14	na	na
22	25	21.94	28	317	310	62	362	2e-10	na	na
22	15	21.94	28	317	310	62	362	2e-10	na	na
22	14	21.94	28	317	310	62	362	2e-10	na	na
22	11	21.94	28	317	310	62	362	2e-10	na	na
22	4	21.94	28	317	310	62	362	2e-10	na	na
22	3	21.94	28	317	310	62	362	2e-10	na	na
22	2	50.00	301	324	24	2	25	1e-04	na	na
23	33	35.03	21	485	471	23	445	1e-101	na	na
23	31	35.03	21	485	471	23	445	1e-101	na	na
23	28	35.03	21	485	471	23	445	1e-101	na	na
23	26	35.03	21	485	471	23	445	1e-101	na	na
23	21	35.03	21	485	471	23	445	1e-101	na	na
23	20	35.03	21	485	471	23	445	1e-101	na	na
23	13	35.03	21	485	471	23	445	1e-101	na	na
23	9	35.03	21	485	471	23	445	1e-101	na	na
23	8	35.03	21	485	471	23	445	1e-101	na	na
23	22	36.17	26	501	481	29	491	2e-100	na	na
23	16	36.17	26	501	481	29	491	2e-100	na	na
23	7	36.17	26	501	481	29	491	2e-100	na	na
23	6	36.17	26	501	481	29	491	2e-100	na	na
23	36	44.86	18	383	370	29	398	4e-100	na	na
23	36	32.76	431	488	58	562	619	3e-08	na	na
23	1	34.61	21	485	471	23	445	1e-99	na	na
23	10	29.84	17	493	496	13	495	3e-71	na	na
23	24	29.69	1	487	512	1	478	2e-61	na	na
23	18	42.70	231	319	89	50	138	2e-17	na	na
23	17	42.70	231	319	89	50	138	2e-17	na	na
23	32	23.38	24	317	308	35	324	2e-16	na	na
23	35	26.16	50	274	237	64	293	2e-15	na	na
23	19	26.16	50	274	237	64	293	2e-15	na	na
23	12	26.16	50	274	237	64	293	2e-15	na	na
23	5	26.16	50	274	237	64	293	2e-15	na	na
23	34	26.14	23	274	264	35	289	4e-15	na	na
23	30	26.14	23	274	264	35	289	4e-15	na	na
23	27	26.14	23	274	264	35	289	4e-15	na	na
23	29	25.74	50	274	237	69	298	9e-15	na	na
23	25	22.30	10	273	287	45	318	4e-12	na	na
23	15	22.30	10	273	287	45	318	4e-12	na	na
23	14	22.30	10	273	287	45	318	4e-12	na	na
23	11	22.30	10	273	287	45	318	4e-12	na	na
23	4	22.30	10	273	287	45	318	4e-12	na	na
23	3	22.30	10	273	287	45	318	4e-12	na	na
24	23	29.69	1	478	512	1	487	2e-61	na	na
24	33	25.23	40	477	444	30	449	1e-54	na	na
24	31	25.23	40	477	444	30	449	1e-54	na	na
24	28	25.23	40	477	444	30	449	1e-54	na	na
24	26	25.23	40	477	444	30	449	1e-54	na	na
24	21	25.23	40	477	444	30	449	1e-54	na	na
24	20	25.23	40	477	444	30	449	1e-54	na	na
24	13	25.23	40	477	444	30	449	1e-54	na	na
24	9	25.23	40	477	444	30	449	1e-54	na	na
24	8	25.23	40	477	444	30	449	1e-54	na	na
24	22	26.87	40	477	454	31	477	6e-54	na	na
24	16	26.87	40	477	454	31	477	6e-54	na	na
24	7	26.87	40	477	454	31	477	6e-54	na	na
24	6	26.87	40	477	454	31	477	6e-54	na	na
24	1	25.23	40	477	444	30	449	1e-53	na	na
24	36	30.84	28	358	334	27	356	3e-52	na	na
24	10	25.36	40	369	343	23	361	1e-39	na	na
24	25	24.59	44	340	305	69	369	4e-20	na	na
24	15	24.59	44	340	305	69	369	4e-20	na	na
24	14	24.59	44	340	305	69	369	4e-20	na	na
24	11	24.59	44	340	305	69	369	4e-20	na	na
24	4	24.59	44	340	305	69	369	4e-20	na	na
24	3	24.59	44	340	305	69	369	4e-20	na	na
24	32	25.32	43	340	312	42	338	2e-19	na	na
24	29	22.67	11	339	344	20	349	5e-15	na	na
24	34	23.87	46	339	310	45	340	5e-15	na	na
24	30	23.87	46	339	310	45	340	5e-15	na	na
24	27	23.87	46	339	310	45	340	5e-15	na	na
24	35	22.22	17	336	333	20	341	1e-14	na	na
24	19	22.22	17	336	333	20	341	1e-14	na	na
24	12	22.22	17	336	333	20	341	1e-14	na	na
24	5	22.22	17	336	333	20	341	1e-14	na	na
24	18	25.27	246	335	91	49	139	9e-05	na	na
24	17	25.27	246	335	91	49	139	9e-05	na	na
25	15	100.00	1	461	461	1	461	0.0	na	na
25	14	100.00	1	461	461	1	461	0.0	na	na
25	11	100.00	1	461	461	1	461	0.0	na	na
25	4	100.00	1	461	461	1	461	0.0	na	na
25	3	100.00	1	461	461	1	461	0.0	na	na
25	29	38.86	72	451	404	54	448	5e-96	na	na
25	34	39.65	73	451	396	46	430	8e-95	na	na
25	30	39.65	73	451	396	46	430	8e-95	na	na
25	27	39.65	73	451	396	46	430	8e-95	na	na
25	35	38.27	72	451	405	49	443	9e-93	na	na
25	19	38.27	72	451	405	49	443	9e-93	na	na
25	12	38.27	72	451	405	49	443	9e-93	na	na
25	5	38.27	72	451	405	49	443	9e-93	na	na
25	32	34.97	74	451	429	47	468	1e-76	na	na
25	24	24.59	69	369	305	44	340	4e-20	na	na
25	23	22.30	45	318	287	10	273	4e-12	na	na
25	22	21.86	62	332	279	28	291	6e-09	na	na
25	16	21.86	62	332	279	28	291	6e-09	na	na
25	7	21.86	62	332	279	28	291	6e-09	na	na
25	6	21.86	62	332	279	28	291	6e-09	na	na
25	10	21.25	60	219	160	18	173	1e-08	na	na
25	36	22.30	56	334	287	30	302	3e-08	na	na
25	33	20.65	63	332	276	28	292	4e-08	na	na
25	31	20.65	63	332	276	28	292	4e-08	na	na
25	28	20.65	63	332	276	28	292	4e-08	na	na
25	26	20.65	63	332	276	28	292	4e-08	na	na
25	21	20.65	63	332	276	28	292	4e-08	na	na
25	20	20.65	63	332	276	28	292	4e-08	na	na
25	13	20.65	63	332	276	28	292	4e-08	na	na
25	9	20.65	63	332	276	28	292	4e-08	na	na
25	8	20.65	63	332	276	28	292	4e-08	na	na
25	1	19.93	63	332	276	28	292	4e-08	na	na
26	33	100.00	1	461	461	1	461	0.0	na	na
26	31	100.00	1	461	461	1	461	0.0	na	na
26	28	100.00	1	461	461	1	461	0.0	na	na
26	21	100.00	1	461	461	1	461	0.0	na	na
26	20	100.00	1	461	461	1	461	0.0	na	na
26	13	100.00	1	461	461	1	461	0.0	na	na
26	9	100.00	1	461	461	1	461	0.0	na	na
26	8	100.00	1	461	461	1	461	0.0	na	na
26	1	99.13	1	461	461	1	461	0.0	na	na
26	22	41.83	19	456	471	20	484	6e-126	na	na
26	16	41.83	19	456	471	20	484	6e-126	na	na
26	7	41.83	19	456	471	20	484	6e-126	na	na
26	6	41.83	19	456	471	20	484	6e-126	na	na
26	36	56.67	28	357	330	37	362	8e-123	na	na
26	36	48.28	393	450	58	561	618	2e-15	na	na
26	23	35.03	23	445	471	21	485	1e-101	na	na
26	10	34.02	11	450	482	3	484	7e-94	na	na
26	24	25.23	30	449	444	40	477	1e-54	na	na
26	18	79.35	235	326	92	49	140	1e-38	na	na
26	18	82.35	427	460	34	9	42	6e-12	na	na
26	17	79.35	235	326	92	49	140	1e-38	na	na
26	17	82.35	427	460	34	9	42	6e-12	na	na
26	29	21.62	38	325	296	56	345	2e-14	na	na
26	35	22.37	39	325	295	52	340	3e-14	na	na
26	19	22.37	39	325	295	52	340	3e-14	na	na
26	12	22.37	39	325	295	52	340	3e-14	na	na
26	5	22.37	39	325	295	52	340	3e-14	na	na
26	34	22.33	25	325	309	35	336	5e-14	na	na
26	30	22.33	25	325	309	35	336	5e-14	na	na
26	27	22.33	25	325	309	35	336	5e-14	na	na
26	32	20.50	12	314	317	17	322	4e-11	na	na
26	2	95.83	302	325	24	2	25	2e-09	na	na
26	25	20.65	28	292	276	63	332	4e-08	na	na
26	15	20.65	28	292	276	63	332	4e-08	na	na
26	14	20.65	28	292	276	63	332	4e-08	na	na
26	11	20.65	28	292	276	63	332	4e-08	na	na
26	4	20.65	28	292	276	63	332	4e-08	na	na
26	3	20.65	28	292	276	63	332	4e-08	na	na
27	34	100.00	1	444	444	1	444	0.0	na	na
27	30	100.00	1	444	444	1	444	0.0	na	na
27	35	85.37	4	444	451	7	457	0.0	na	na
27	19	85.37	4	444	451	7	457	0.0	na	na
27	12	85.37	4	444	451	7	457	0.0	na	na
27	5	85.37	4	444	451	7	457	0.0	na	na
27	29	80.00	5	444	455	13	462	0.0	na	na
27	32	39.32	36	433	440	39	471	3e-95	na	na
27	25	39.65	46	430	396	73	451	4e-95	na	na
27	15	39.65	46	430	396	73	451	4e-95	na	na
27	14	39.65	46	430	396	73	451	4e-95	na	na
27	11	39.65	46	430	396	73	451	4e-95	na	na
27	4	39.65	46	430	396	73	451	4e-95	na	na
27	3	39.65	46	430	396	73	451	4e-95	na	na
27	23	25.87	13	289	286	8	274	2e-15	na	na
27	24	23.60	17	340	339	17	339	3e-15	na	na
27	1	22.48	45	336	298	36	325	2e-14	na	na
27	33	22.15	45	336	298	36	325	5e-14	na	na
27	31	22.15	45	336	298	36	325	5e-14	na	na
27	28	22.15	45	336	298	36	325	5e-14	na	na
27	26	22.15	45	336	298	36	325	5e-14	na	na
27	21	22.15	45	336	298	36	325	5e-14	na	na
27	20	22.15	45	336	298	36	325	5e-14	na	na
27	13	22.15	45	336	298	36	325	5e-14	na	na
27	9	22.15	45	336	298	36	325	5e-14	na	na
27	8	22.15	45	336	298	36	325	5e-14	na	na
27	22	22.70	46	334	304	40	325	8e-14	na	na
27	16	22.70	46	334	304	40	325	8e-14	na	na
27	7	22.70	46	334	304	40	325	8e-14	na	na
27	6	22.70	46	334	304	40	325	8e-14	na	na
27	10	24.53	37	288	265	24	280	1e-12	na	na
27	36	24.64	39	287	276	38	281	3e-12	na	na
28	33	100.00	1	461	461	1	461	0.0	na	na
28	31	100.00	1	461	461	1	461	0.0	na	na
28	26	100.00	1	461	461	1	461	0.0	na	na
28	21	100.00	1	461	461	1	461	0.0	na	na
28	20	100.00	1	461	461	1	461	0.0	na	na
28	13	100.00	1	461	461	1	461	0.0	na	na
28	9	100.00	1	461	461	1	461	0.0	na	na
28	8	100.00	1	461	461	1	461	0.0	na	na
28	1	99.13	1	461	461	1	461	0.0	na	na
28	22	41.83	19	456	471	20	484	6e-126	na	na
28	16	41.83	19	456	471	20	484	6e-126	na	na
28	7	41.83	19	456	471	20	484	6e-126	na	na
28	6	41.83	19	456	471	20	484	6e-126	na	na
28	36	56.67	28	357	330	37	362	8e-123	na	na
28	36	48.28	393	450	58	561	618	2e-15	na	na
28	23	35.03	23	445	471	21	485	1e-101	na	na
28	10	34.02	11	450	482	3	484	7e-94	na	na
28	24	25.23	30	449	444	40	477	1e-54	na	na
28	18	79.35	235	326	92	49	140	1e-38	na	na
28	18	82.35	427	460	34	9	42	6e-12	na	na
28	17	79.35	235	326	92	49	140	1e-38	na	na
28	17	82.35	427	460	34	9	42	6e-12	na	na
28	29	21.62	38	325	296	56	345	2e-14	na	na
28	35	22.37	39	325	295	52	340	3e-14	na	na
28	19	22.37	39	325	295	52	340	3e-14	na	na
28	12	22.37	39	325	295	52	340	3e-14	na	na
28	5	22.37	39	325	295	52	340	3e-14	na	na
28	34	22.33	25	325	309	35	336	5e-14	na	na
28	30	22.33	25	325	309	35	336	5e-14	na	na
28	27	22.33	25	325	309	35	336	5e-14	na	na
28	32	20.50	12	314	317	17	322	4e-11	na	na
28	2	95.83	302	325	24	2	25	2e-09	na	na
28	25	20.65	28	292	276	63	332	4e-08	na	na
28	15	20.65	28	292	276	63	332	4e-08	na	na
28	14	20.65	28	292	276	63	332	4e-08	na	na
28	11	20.65	28	292	276	63	332	4e-08	na	na
28	4	20.65	28	292	276	63	332	4e-08	na	na
28	3	20.65	28	292	276	63	332	4e-08	na	na
29	35	81.54	14	462	455	9	457	0.0	na	na
29	19	81.54	14	462	455	9	457	0.0	na	na
29	12	81.54	14	462	455	9	457	0.0	na	na
29	5	81.54	14	462	455	9	457	0.0	na	na
29	34	80.00	13	462	455	5	444	0.0	na	na
29	30	80.00	13	462	455	5	444	0.0	na	na
29	27	80.00	13	462	455	5	444	0.0	na	na
29	32	37.34	14	451	474	10	471	4e-97	na	na
29	25	38.86	54	448	404	72	451	5e-96	na	na
29	15	38.86	54	448	404	72	451	5e-96	na	na
29	14	38.86	54	448	404	72	451	5e-96	na	na
29	11	38.86	54	448	404	72	451	5e-96	na	na
29	4	38.86	54	448	404	72	451	5e-96	na	na
29	3	38.86	54	448	404	72	451	5e-96	na	na
29	24	22.67	20	349	344	11	339	5e-15	na	na
29	1	22.03	57	345	295	39	325	6e-15	na	na
29	23	25.74	69	298	237	50	274	9e-15	na	na
29	33	21.62	56	345	296	38	325	2e-14	na	na
29	31	21.62	56	345	296	38	325	2e-14	na	na
29	28	21.62	56	345	296	38	325	2e-14	na	na
29	26	21.62	56	345	296	38	325	2e-14	na	na
29	21	21.62	56	345	296	38	325	2e-14	na	na
29	20	21.62	56	345	296	38	325	2e-14	na	na
29	13	21.62	56	345	296	38	325	2e-14	na	na
29	9	21.62	56	345	296	38	325	2e-14	na	na
29	8	21.62	56	345	296	38	325	2e-14	na	na
29	10	24.62	46	297	264	24	280	3e-13	na	na
29	22	24.47	55	282	237	40	263	8e-13	na	na
29	16	24.47	55	282	237	40	263	8e-13	na	na
29	7	24.47	55	282	237	40	263	8e-13	na	na
29	6	24.47	55	282	237	40	263	8e-13	na	na
29	36	25.09	55	313	275	46	302	1e-12	na	na
30	34	100.00	1	444	444	1	444	0.0	na	na
30	27	100.00	1	444	444	1	444	0.0	na	na
30	35	85.37	4	444	451	7	457	0.0	na	na
30	19	85.37	4	444	451	7	457	0.0	na	na
30	12	85.37	4	444	451	7	457	0.0	na	na
30	5	85.37	4	444	451	7	457	0.0	na	na
30	29	80.00	5	444	455	13	462	0.0	na	na
30	32	39.32	36	433	440	39	471	3e-95	na	na
30	25	39.65	46	430	396	73	451	4e-95	na	na
30	15	39.65	46	430	396	73	451	4e-95	na	na
30	14	39.65	46	430	396	73	451	4e-95	na	na
30	11	39.65	46	430	396	73	451	4e-95	na	na
30	4	39.65	46	430	396	73	451	4e-95	na	na
30	3	39.65	46	430	396	73	451	4e-95	na	na
30	23	25.87	13	289	286	8	274	2e-15	na	na
30	24	23.60	17	340	339	17	339	3e-15	na	na
30	1	22.48	45	336	298	36	325	2e-14	na	na
30	33	22.15	45	336	298	36	325	5e-14	na	na
30	31	22.15	45	336	298	36	325	5e-14	na	na
30	28	22.15	45	336	298	36	325	5e-14	na	na
30	26	22.15	45	336	298	36	325	5e-14	na	na
30	21	22.15	45	336	298	36	325	5e-14	na	na
30	20	22.15	45	336	298	36	325	5e-14	na	na
30	13	22.15	45	336	298	36	325	5e-14	na	na
30	9	22.15	45	336	298	36	325	5e-14	na	na
30	8	22.15	45	336	298	36	325	5e-14	na	na
30	22	22.70	46	334	304	40	325	8e-14	na	na
30	16	22.70	46	334	304	40	325	8e-14	na	na
30	7	22.70	46	334	304	40	325	8e-14	na	na
30	6	22.70	46	334	304	40	325	8e-14	na	na
30	10	24.53	37	288	265	24	280	1e-12	na	na
30	36	24.64	39	287	276	38	281	3e-12	na	na
31	33	100.00	1	461	461	1	461	0.0	na	na
31	28	100.00	1	461	461	1	461	0.0	na	na
31	26	100.00	1	461	461	1	461	0.0	na	na
31	21	100.00	1	461	461	1	461	0.0	na	na
31	20	100.00	1	461	461	1	461	0.0	na	na
31	13	100.00	1	461	461	1	461	0.0	na	na
31	9	100.00	1	461	461	1	461	0.0	na	na
31	8	100.00	1	461	461	1	461	0.0	na	na
31	1	99.13	1	461	461	1	461	0.0	na	na
31	22	41.83	19	456	471	20	484	6e-126	na	na
31	16	41.83	19	456	471	20	484	6e-126	na	na
31	7	41.83	19	456	471	20	484	6e-126	na	na
31	6	41.83	19	456	471	20	484	6e-126	na	na
31	36	56.67	28	357	330	37	362	8e-123	na	na
31	36	48.28	393	450	58	561	618	2e-15	na	na
31	23	35.03	23	445	471	21	485	1e-101	na	na
31	10	34.02	11	450	482	3	484	7e-94	na	na
31	24	25.23	30	449	444	40	477	1e-54	na	na
31	18	79.35	235	326	92	49	140	1e-38	na	na
31	18	82.35	427	460	34	9	42	6e-12	na	na
31	17	79.35	235	326	92	49	140	1e-38	na	na
31	17	82.35	427	460	34	9	42	6e-12	na	na
31	29	21.62	38	325	296	56	345	2e-14	na	na
31	35	22.37	39	325	295	52	340	3e-14	na	na
31	19	22.37	39	325	295	52	340	3e-14	na	na
31	12	22.37	39	325	295	52	340	3e-14	na	na
31	5	22.37	39	325	295	52	340	3e-14	na	na
31	34	22.33	25	325	309	35	336	5e-14	na	na
31	30	22.33	25	325	309	35	336	5e-14	na	na
31	27	22.33	25	325	309	35	336	5e-14	na	na
31	32	20.50	12	314	317	17	322	4e-11	na	na
31	2	95.83	302	325	24	2	25	2e-09	na	na
31	25	20.65	28	292	276	63	332	4e-08	na	na
31	15	20.65	28	292	276	63	332	4e-08	na	na
31	14	20.65	28	292	276	63	332	4e-08	na	na
31	11	20.65	28	292	276	63	332	4e-08	na	na
31	4	20.65	28	292	276	63	332	4e-08	na	na
31	3	20.65	28	292	276	63	332	4e-08	na	na
32	29	37.34	10	471	474	14	451	4e-97	na	na
32	34	39.32	39	471	440	36	433	7e-95	na	na
32	30	39.32	39	471	440	36	433	7e-95	na	na
32	27	39.32	39	471	440	36	433	7e-95	na	na
32	35	37.99	41	471	437	42	446	7e-94	na	na
32	19	37.99	41	471	437	42	446	7e-94	na	na
32	12	37.99	41	471	437	42	446	7e-94	na	na
32	5	37.99	41	471	437	42	446	7e-94	na	na
32	25	34.97	47	468	429	74	451	1e-76	na	na
32	15	34.97	47	468	429	74	451	1e-76	na	na
32	14	34.97	47	468	429	74	451	1e-76	na	na
32	11	34.97	47	468	429	74	451	1e-76	na	na
32	4	34.97	47	468	429	74	451	1e-76	na	na
32	3	34.97	47	468	429	74	451	1e-76	na	na
32	24	25.32	42	338	312	43	340	2e-19	na	na
32	23	23.38	35	324	308	24	317	2e-16	na	na
32	22	21.38	48	330	290	42	316	5e-15	na	na
32	16	21.38	48	330	290	42	316	5e-15	na	na
32	7	21.38	48	330	290	42	316	5e-15	na	na
32	6	21.38	48	330	290	42	316	5e-15	na	na
32	36	23.97	41	327	292	41	327	7e-15	na	na
32	10	19.79	18	356	379	5	370	3e-11	na	na
32	1	20.50	17	322	317	12	314	4e-11	na	na
32	33	20.50	17	322	317	12	314	5e-11	na	na
32	31	20.50	17	322	317	12	314	5e-11	na	na
32	28	20.50	17	322	317	12	314	5e-11	na	na
32	26	20.50	17	322	317	12	314	5e-11	na	na
32	21	20.50	17	322	317	12	314	5e-11	na	na
32	20	20.50	17	322	317	12	314	5e-11	na	na
32	13	20.50	17	322	317	12	314	5e-11	na	na
32	9	20.50	17	322	317	12	314	5e-11	na	na
32	8	20.50	17	322	317	12	314	5e-11	na	na
33	31	100.00	1	461	461	1	461	0.0	na	na
33	28	100.00	1	461	461	1	461	0.0	na	na
33	26	100.00	1	461	461	1	461	0.0	na	na
33	21	100.00	1	461	461	1	461	0.0	na	na
33	20	100.00	1	461	461	1	461	0.0	na	na
33	13	100.00	1	461	461	1	461	0.0	na	na
33	9	100.00	1	461	461	1	461	0.0	na	na
33	8	100.00	1	461	461	1	461	0.0	na	na
33	1	99.13	1	461	461	1	461	0.0	na	na
33	22	41.83	19	456	471	20	484	6e-126	na	na
33	16	41.83	19	456	471	20	484	6e-126	na	na
33	7	41.83	19	456	471	20	484	6e-126	na	na
33	6	41.83	19	456	471	20	484	6e-126	na	na
33	36	56.67	28	357	330	37	362	8e-123	na	na
33	36	48.28	393	450	58	561	618	2e-15	na	na
33	23	35.03	23	445	471	21	485	1e-101	na	na
33	10	34.02	11	450	482	3	484	7e-94	na	na
33	24	25.23	30	449	444	40	477	1e-54	na	na
33	18	79.35	235	326	92	49	140	1e-38	na	na
33	18	82.35	427	460	34	9	42	6e-12	na	na
33	17	79.35	235	326	92	49	140	1e-38	na	na
33	17	82.35	427	460	34	9	42	6e-12	na	na
33	29	21.62	38	325	296	56	345	2e-14	na	na
33	35	22.37	39	325	295	52	340	3e-14	na	na
33	19	22.37	39	325	295	52	340	3e-14	na	na
33	12	22.37	39	325	295	52	340	3e-14	na	na
33	5	22.37	39	325	295	52	340	3e-14	na	na
33	34	22.33	25	325	309	35	336	5e-14	na	na
33	30	22.33	25	325	309	35	336	5e-14	na	na
33	27	22.33	25	325	309	35	336	5e-14	na	na
33	32	20.50	12	314	317	17	322	4e-11	na	na
33	2	95.83	302	325	24	2	25	2e-09	na	na
33	25	20.65	28	292	276	63	332	4e-08	na	na
33	15	20.65	28	292	276	63	332	4e-08	na	na
33	14	20.65	28	292	276	63	332	4e-08	na	na
33	11	20.65	28	292	276	63	332	4e-08	na	na
33	4	20.65	28	292	276	63	332	4e-08	na	na
33	3	20.65	28	292	276	63	332	4e-08	na	na
34	30	100.00	1	444	444	1	444	0.0	na	na
34	27	100.00	1	444	444	1	444	0.0	na	na
34	35	85.37	4	444	451	7	457	0.0	na	na
34	19	85.37	4	444	451	7	457	0.0	na	na
34	12	85.37	4	444	451	7	457	0.0	na	na
34	5	85.37	4	444	451	7	457	0.0	na	na
34	29	80.00	5	444	455	13	462	0.0	na	na
34	32	39.32	36	433	440	39	471	3e-95	na	na
34	25	39.65	46	430	396	73	451	4e-95	na	na
34	15	39.65	46	430	396	73	451	4e-95	na	na
34	14	39.65	46	430	396	73	451	4e-95	na	na
34	11	39.65	46	430	396	73	451	4e-95	na	na
34	4	39.65	46	430	396	73	451	4e-95	na	na
34	3	39.65	46	430	396	73	451	4e-95	na	na
34	23	25.87	13	289	286	8	274	2e-15	na	na
34	24	23.60	17	340	339	17	339	3e-15	na	na
34	1	22.48	45	336	298	36	325	2e-14	na	na
34	33	22.15	45	336	298	36	325	5e-14	na	na
34	31	22.15	45	336	298	36	325	5e-14	na	na
34	28	22.15	45	336	298	36	325	5e-14	na	na
34	26	22.15	45	336	298	36	325	5e-14	na	na
34	21	22.15	45	336	298	36	325	5e-14	na	na
34	20	22.15	45	336	298	36	325	5e-14	na	na
34	13	22.15	45	336	298	36	325	5e-14	na	na
34	9	22.15	45	336	298	36	325	5e-14	na	na
34	8	22.15	45	336	298	36	325	5e-14	na	na
34	22	22.70	46	334	304	40	325	8e-14	na	na
34	16	22.70	46	334	304	40	325	8e-14	na	na
34	7	22.70	46	334	304	40	325	8e-14	na	na
34	6	22.70	46	334	304	40	325	8e-14	na	na
34	10	24.53	37	288	265	24	280	1e-12	na	na
34	36	24.64	39	287	276	38	281	3e-12	na	na
35	19	100.00	1	457	457	1	457	0.0	na	na
35	12	100.00	1	457	457	1	457	0.0	na	na
35	5	100.00	1	457	457	1	457	0.0	na	na
35	34	85.14	7	457	451	4	444	0.0	na	na
35	30	85.14	7	457	451	4	444	0.0	na	na
35	27	85.14	7	457	451	4	444	0.0	na	na
35	29	81.54	9	457	455	14	462	0.0	na	na
35	32	38.22	42	446	437	41	471	2e-95	na	na
35	25	38.27	49	443	405	72	451	3e-95	na	na
35	15	38.27	49	443	405	72	451	3e-95	na	na
35	14	38.27	49	443	405	72	451	3e-95	na	na
35	11	38.27	49	443	405	72	451	3e-95	na	na
35	4	38.27	49	443	405	72	451	3e-95	na	na
35	3	38.27	49	443	405	72	451	3e-95	na	na
35	23	26.16	64	293	237	50	274	2e-15	na	na
35	22	21.77	50	410	395	40	418	3e-15	na	na
35	16	21.77	50	410	395	40	418	3e-15	na	na
35	7	21.77	50	410	395	40	418	3e-15	na	na
35	6	21.77	50	410	395	40	418	3e-15	na	na
35	24	23.10	64	344	290	62	339	6e-15	na	na
35	1	22.58	52	355	310	39	327	1e-14	na	na
35	33	22.37	52	340	295	39	325	3e-14	na	na
35	31	22.37	52	340	295	39	325	3e-14	na	na
35	28	22.37	52	340	295	39	325	3e-14	na	na
35	26	22.37	52	340	295	39	325	3e-14	na	na
35	21	22.37	52	340	295	39	325	3e-14	na	na
35	20	22.37	52	340	295	39	325	3e-14	na	na
35	13	22.37	52	340	295	39	325	3e-14	na	na
35	9	22.37	52	340	295	39	325	3e-14	na	na
35	8	22.37	52	340	295	39	325	3e-14	na	na
35	10	22.57	15	292	288	8	280	1e-13	na	na
35	36	25.00	50	291	268	46	281	2e-12	na	na
36	33	55.11	15	362	352	13	357	3e-131	na	na
36	33	48.28	561	618	58	393	450	2e-15	na	na
36	31	55.11	15	362	352	13	357	3e-131	na	na
36	31	48.28	561	618	58	393	450	2e-15	na	na
36	28	55.11	15	362	352	13	357	3e-131	na	na
36	28	48.28	561	618	58	393	450	2e-15	na	na
36	26	55.11	15	362	352	13	357	3e-131	na	na
36	26	48.28	561	618	58	393	450	2e-15	na	na
36	21	55.11	15	362	352	13	357	3e-131	na	na
36	21	48.28	561	618	58	393	450	2e-15	na	na
36	20	55.11	15	362	352	13	357	3e-131	na	na
36	20	48.28	561	618	58	393	450	2e-15	na	na
36	13	55.11	15	362	352	13	357	3e-131	na	na
36	13	48.28	561	618	58	393	450	2e-15	na	na
36	9	55.11	15	362	352	13	357	3e-131	na	na
36	9	48.28	561	618	58	393	450	2e-15	na	na
36	8	55.11	15	362	352	13	357	3e-131	na	na
36	8	48.28	561	618	58	393	450	2e-15	na	na
36	1	55.40	15	362	352	13	357	9e-131	na	na
36	1	48.28	561	618	58	393	450	2e-15	na	na
36	22	59.45	37	361	328	29	352	1e-122	na	na
36	22	61.90	559	621	63	419	481	5e-23	na	na
36	16	59.45	37	361	328	29	352	1e-122	na	na
36	16	61.90	559	621	63	419	481	5e-23	na	na
36	7	59.45	37	361	328	29	352	1e-122	na	na
36	7	61.90	559	621	63	419	481	5e-23	na	na
36	6	59.45	37	361	328	29	352	1e-122	na	na
36	6	61.90	559	621	63	419	481	5e-23	na	na
36	23	44.62	20	398	381	7	383	1e-107	na	na
36	23	32.76	562	619	58	431	488	3e-08	na	na
36	10	42.61	21	359	352	4	353	1e-89	na	na
36	10	28.33	560	619	60	426	485	4e-06	na	na
36	24	30.90	9	356	356	6	358	2e-58	na	na
36	18	57.61	243	334	92	49	140	9e-27	na	na
36	17	57.61	243	334	92	49	140	9e-27	na	na
36	32	23.99	41	327	296	41	327	4e-16	na	na
36	29	25.48	46	286	259	55	297	7e-14	na	na
36	34	24.55	38	286	277	39	288	1e-12	na	na
36	30	24.55	38	286	277	39	288	1e-12	na	na
36	27	24.55	38	286	277	39	288	1e-12	na	na
36	35	24.91	46	286	269	50	292	1e-12	na	na
36	19	24.91	46	286	269	50	292	1e-12	na	na
36	12	24.91	46	286	269	50	292	1e-12	na	na
36	5	24.91	46	286	269	50	292	1e-12	na	na
36	25	22.51	30	286	271	56	318	2e-09	na	na
36	15	22.51	30	286	271	56	318	2e-09	na	na
36	14	22.51	30	286	271	56	318	2e-09	na	na
36	11	22.51	30	286	271	56	318	2e-09	na	na
36	4	22.51	30	286	271	56	318	2e-09	na	na
36	3	22.51	30	286	271	56	318	2e-09	na	na
36	2	70.83	310	333	24	2	25	3e-07	na	na
